{"cameraMode":{"drawMode":0,"name":"Shaded","section":"Shading Mode"},"sceneLighting":false,"audioPlay":false,"sceneViewState":{"m_AlwaysRefresh":false,"showFog":true,"showSkybox":false,"showFlares":true,"showImageEffects":true,"showParticleSystems":true,"showVisualEffectGraphs":true,"m_FxEnabled":true},"in2DMode":false,"pivot":{"x":-0.6135638952255249,"y":0.008853614330291748,"z":1.0213308334350587},"rotation":{"x":0.041711144149303439,"y":0.675723135471344,"z":0.03834862634539604,"w":-0.734987735748291},"size":1.009130597114563,"orthographic":false}